<?xml version="1.0" encoding="UTF-8"?>
<project-private xmlns="http://www.netbeans.org/ns/project-private/1">
    <editor-bookmarks xmlns="http://www.netbeans.org/ns/editor-bookmarks/2" lastBookmarkId="0"/>
    <open-files xmlns="http://www.netbeans.org/ns/projectui-open-files/2">
        <group>
            <file>file:/C:/Users/simgi/OneDrive/Desktop/School%20Stuff/Semester%201/COE318/Lab%207/AnalogCircuit/src/coe318/lab7/Node.java</file>
            <file>file:/C:/Users/simgi/OneDrive/Desktop/School%20Stuff/Semester%201/COE318/Lab%207/AnalogCircuit/test/coe318/lab7/VoltageTest.java</file>
            <file>file:/C:/Users/simgi/OneDrive/Desktop/School%20Stuff/Semester%201/COE318/Lab%207/AnalogCircuit/src/coe318/lab7/UserMain.java</file>
            <file>file:/C:/Users/simgi/OneDrive/Desktop/School%20Stuff/Semester%201/COE318/Lab%207/AnalogCircuit/src/coe318/lab7/UserInterface.java</file>
            <file>file:/C:/Users/simgi/OneDrive/Desktop/School%20Stuff/Semester%201/COE318/Lab%207/AnalogCircuit/src/coe318/lab7/Circuit.java</file>
            <file>file:/C:/Users/simgi/OneDrive/Desktop/School%20Stuff/Semester%201/COE318/Lab%207/AnalogCircuit/src/coe318/lab7/Voltage.java</file>
            <file>file:/C:/Users/simgi/OneDrive/Desktop/School%20Stuff/Semester%201/COE318/Lab%207/AnalogCircuit/src/coe318/lab7/Resistor.java</file>
        </group>
    </open-files>
</project-private>
